<?xml version="1.0" encoding="UTF-8"?>
<assembly>
  <id>bin</id>
  <formats>
    <format>zip</format>
  </formats>
  <dependencySets>
    <dependencySet>
      <outputDirectory>lib</outputDirectory>
      <scope>runtime</scope>
    </dependencySet>
  </dependencySets>  
  <fileSets>
  	<fileSet>
  		<directory>${project.basedir}</directory>
  		<filtered>true</filtered>
  		<outputDirectory>/</outputDirectory>
  		<includes>
  			<include>README.txt</include>
  			<include>LICENSE.txt</include>
  		</includes>
  	</fileSet>
    <fileSet>
    	<directory>src/assembly</directory>
    	<outputDirectory>/</outputDirectory>    	
      <includes>
        <include>bin/*</include>
        <include>conf/*</include>
        <include>logs/*</include>
      </includes>
      <excludes>
      	<exclude>bin/bag</exclude>
      	<exclude>bin/bag.bat</exclude>
      </excludes>
    </fileSet>
	<fileSet>
    	<directory>src/assembly</directory>
    	<lineEnding>unix</lineEnding>
    	<outputDirectory>/</outputDirectory>
    	<filtered>true</filtered>    	    	
      <includes>
        <include>bin/bag</include>
      </includes>
      <fileMode>771</fileMode>
    </fileSet>
	<fileSet>
    	<directory>src/assembly</directory>
    	<lineEnding>dos</lineEnding>
    	<outputDirectory>/</outputDirectory>
        <filtered>true</filtered>               
      <includes>
        <include>bin/bag.bat</include>
      </includes>
    </fileSet>    
        
  </fileSets>
</assembly>