<?xml version="1.0" encoding="UTF-8"?>
<assembly>
  <id>src</id>
  <formats>
    <format>zip</format>
  </formats>
  <fileSets>
    <fileSet>
      <includes>
        <include>${project.basedir}/README*</include>
        <include>${project.basedir}/LICENSE*</include>
        <include>${project.basedir}/NOTICE*</include>
        <include>${project.basedir}/pom.xml</include>
      </includes>
      <useDefaultExcludes>true</useDefaultExcludes>
    </fileSet>
    <fileSet>
      <directory>${project.basedir}/src</directory>
      <useDefaultExcludes>true</useDefaultExcludes>
    </fileSet>
  </fileSets>
</assembly>
